IDS	His83_aln102	Lys84_aln103	Thr107_aln126	Gly108_aln127	Ala109_aln128	Gln111_aln130	His112_aln131	Leu163_aln182	Leu189_aln208	Ile228_aln247	Gly229_aln248	Ser232_aln251	Asn233_aln252	Glu253_aln272	Ala265_aln284	Arg267_aln286	Phe279_aln298	Leu301_aln320	Asp302_aln321	Tyr303_aln322	Ser305_aln324	Glu347_aln366
C_ba_RLD11443.1	H	K	T	G	A	Q	H	L	G	V	G	S	N	E	A	R	A	L	D	Y	G	E
C_ba_WP_088205714.1	H	K	T	G	A	Q	H	L	L	V	G	S	N	E	A	R	C	M	D	Y	A	E
C_ca_WP_011006517.1	H	K	T	G	A	Q	H	L	L	V	G	S	N	E	A	R	F	L	D	Y	S	E
C_ca_WP_011006523.1	H	K	T	G	A	Q	H	L	L	V	G	S	N	E	A	R	F	L	D	Y	A	E
C_fe_WP_011457988.1	H	K	T	G	A	Q	H	L	L	V	G	S	N	E	A	R	F	L	D	Y	A	E
C_pe_AEB41997.1	H	K	T	G	A	Q	H	L	L	V	G	S	N	E	A	R	F	M	N	Y	S	E
C_pe_AGW38153.1	H	K	T	G	A	Q	H	L	L	V	G	S	N	E	A	R	F	M	N	Y	S	E
C_pe_AGW39076.1	H	K	T	G	A	Q	H	L	L	V	G	S	N	E	A	R	F	M	N	Y	S	E
C_pe_AGW40002.1	H	K	T	G	A	Q	H	L	L	V	G	S	N	E	A	R	F	M	N	Y	S	E
C_pe_ETF37176.1	H	K	T	G	A	Q	H	L	L	V	G	S	N	E	A	R	F	M	N	Y	S	E
C_pe_ETF37324.1	H	K	T	G	A	Q	H	L	L	V	G	S	N	E	A	R	F	M	N	Y	S	E
C_pe_ETF37732.1	H	K	T	G	A	Q	H	L	L	V	G	S	N	E	A	R	F	M	N	Y	S	E
C_pe_ETF39546.1	H	K	T	G	A	Q	H	L	L	V	G	S	N	E	A	R	F	M	N	Y	S	E
C_pe_KTF28492.1	H	K	T	G	A	Q	H	L	L	V	G	S	N	E	A	R	F	M	N	Y	S	E
C_pe_KZN27184.1	H	K	T	G	A	Q	H	L	L	V	G	S	N	E	A	R	F	M	N	Y	S	E
C_pe_KZN27845.1	H	K	T	G	A	Q	H	L	L	V	G	S	N	E	A	R	F	M	N	Y	S	E
C_pe_WP_013713075.1	H	K	T	G	A	Q	H	L	L	V	G	S	N	E	A	R	F	M	N	Y	S	E
C_pe_WP_021756778.1	H	K	T	G	A	Q	H	L	L	V	G	S	N	E	A	R	F	M	N	Y	S	E
C_pe_WP_021757428.1	H	K	T	G	A	Q	H	L	L	V	G	S	N	E	A	R	F	M	N	Y	S	E
C_pe_WP_024010555.1	H	K	T	G	A	Q	H	L	L	V	G	S	N	E	A	R	F	M	N	Y	S	E
C_pe_WP_024010954.1	H	K	T	G	A	Q	H	L	L	V	G	S	N	E	A	R	F	M	N	Y	S	E
C_pe_WP_058787674.1	H	K	T	G	A	Q	H	L	L	V	G	S	N	E	A	R	F	M	N	Y	S	E
C_su_ESN89549.1	H	K	T	G	A	Q	H	L	L	I	G	S	N	E	A	R	F	L	D	Y	S	E
C_su_SIU03191.1	H	K	T	G	A	Q	H	L	L	I	G	S	N	E	A	R	F	L	D	Y	S	E
C_su_WP_035406241.1	H	K	T	G	A	Q	H	L	L	I	G	S	N	E	A	R	F	L	D	Y	S	E
C_su_WP_080121397.1	H	K	T	G	A	Q	H	L	L	I	G	S	N	E	A	R	F	L	D	Y	S	E
C_su_WP_080122317.1	H	K	T	G	A	Q	H	L	L	I	G	S	N	E	A	R	F	L	D	Y	S	E
C_su_WP_080123606.1	H	K	T	G	A	Q	H	L	L	I	G	S	N	E	A	R	F	L	D	Y	S	E
C_su_WP_080124351.1	H	K	T	G	A	Q	H	L	L	I	G	S	N	E	A	R	F	L	D	Y	S	E
C_su_WP_080125049.1	H	K	T	G	A	Q	H	L	L	I	G	S	N	E	A	R	F	L	D	Y	S	E
C_su_WP_080125323.1	H	K	T	G	A	Q	H	L	L	I	G	S	N	E	A	R	F	L	D	Y	S	E
C_su_WP_080126002.1	H	K	T	G	A	Q	H	L	L	I	G	S	N	E	A	R	F	L	D	Y	S	E
C_su_WP_080126919.1	H	K	T	G	A	Q	H	L	L	I	G	S	N	E	A	R	F	L	D	Y	S	E
C_su_WP_080128819.1	H	K	T	G	A	Q	H	L	L	I	G	S	N	E	A	R	F	L	D	Y	S	E
C_su_WP_080129000.1	H	K	T	G	A	Q	H	L	L	I	G	S	N	E	A	R	F	L	D	Y	S	E
C_su_WP_080132286.1	H	K	T	G	A	Q	H	L	L	I	G	S	N	E	A	R	F	L	D	Y	S	E
C_su_WP_080132516.1	H	K	T	G	A	Q	H	L	L	I	G	S	N	E	A	R	F	L	D	Y	S	E
C_su_WP_080132775.1	H	K	T	G	A	Q	H	L	L	I	G	S	N	E	A	R	F	L	D	Y	S	E
C_su_WP_080141162.1	H	K	T	G	A	Q	H	L	L	I	G	S	N	E	A	R	F	L	D	Y	S	E
C_su_WP_080141671.1	H	K	T	G	A	Q	H	L	L	I	G	S	N	E	A	R	F	L	D	Y	S	E
C_su_WP_080142311.1	H	K	T	G	A	Q	H	L	L	I	G	S	N	E	A	R	F	L	D	Y	S	E
C_su_WP_082192425.1	H	K	T	G	A	Q	H	L	L	I	G	S	N	E	A	R	F	L	D	Y	S	E
C_su_WP_082198783.1	H	K	T	G	A	Q	H	L	L	I	G	S	N	E	A	R	F	L	D	Y	S	E
C_su_WP_087877989.1	H	K	T	G	A	Q	H	L	L	I	G	S	N	E	A	R	F	L	D	Y	S	E
C_tr_AAC67761.1	H	K	T	G	A	Q	H	L	L	I	G	S	N	E	A	R	F	L	D	Y	S	E
C_tr_AAM19165.1	H	K	T	G	A	Q	H	L	L	I	G	S	N	E	A	R	F	L	D	Y	S	E
C_tr_AAM19168.1	H	K	T	G	A	Q	H	L	L	I	G	S	N	E	A	R	F	L	D	Y	S	E
C_tr_AAM19171.1	H	K	T	G	A	Q	H	L	L	I	G	S	N	E	A	R	F	L	D	Y	S	E
C_tr_AAM19174.1	H	K	T	G	A	Q	H	L	L	I	G	S	N	E	A	R	F	L	D	Y	S	E
C_tr_AAM19177.1	H	K	T	G	A	Q	H	L	L	I	G	S	N	E	A	R	F	L	D	Y	S	E
C_tr_AAM19180.1	H	K	T	G	A	Q	H	L	L	I	G	S	N	E	A	R	F	L	D	Y	S	E
C_tr_AAM19183.1	H	K	T	G	A	Q	H	L	L	I	G	S	N	E	A	R	F	L	D	Y	S	E
C_tr_AAM19186.1	H	K	T	G	A	Q	H	L	L	I	G	S	N	E	A	R	F	L	D	Y	S	E
C_tr_AAM19189.1	H	K	T	G	A	Q	H	L	L	I	G	S	N	E	A	R	F	L	D	Y	S	E
C_tr_AAM19192.1	H	K	T	G	A	Q	H	L	L	I	G	S	N	E	A	R	F	L	D	Y	S	E
C_tr_AAM19195.1	H	K	T	G	A	Q	H	L	L	I	G	S	N	E	A	R	F	L	D	Y	S	E
C_tr_AAM19198.2	H	K	T	G	A	Q	H	L	L	I	G	S	N	E	A	R	F	L	D	Y	S	E
C_tr_AAM19201.2	H	K	T	G	A	Q	H	L	L	I	G	F	N	E	A	R	F	L	D	Y	S	E
C_tr_AAM19204.1	H	K	T	G	A	Q	H	L	L	I	G	S	N	E	A	R	F	L	D	Y	S	E
C_tr_ADH16935.1	H	K	T	G	A	Q	H	L	L	I	G	S	N	E	A	R	F	L	D	Y	S	E
C_tr_ADH17858.1	H	K	T	G	A	Q	H	L	L	I	G	S	N	E	A	R	F	L	D	Y	S	E
C_tr_ADH18778.1	H	K	T	G	A	Q	H	L	L	I	G	S	N	E	A	R	F	L	D	Y	S	E
C_tr_ADH19705.1	H	K	T	G	A	Q	H	L	L	I	G	S	N	E	A	R	F	L	D	Y	S	E
C_tr_ADH20629.1	H	K	T	G	A	Q	H	L	L	I	G	S	N	E	A	R	F	L	D	Y	S	E
C_tr_ADH96801.1	H	K	T	G	A	Q	H	L	L	I	G	S	N	E	A	R	F	L	D	Y	S	E
C_tr_ADI50845.1	H	K	T	G	A	Q	H	L	L	I	G	S	N	E	A	R	F	L	D	Y	S	E
C_tr_ADI51857.1	H	K	T	G	A	Q	H	L	L	I	G	S	N	E	A	R	F	L	D	Y	S	E
C_tr_AEJ77650.1	H	K	T	G	A	Q	H	L	L	I	G	S	N	E	A	R	F	L	D	Y	S	E
C_tr_AEP34995.1	H	K	T	G	A	Q	H	L	L	I	G	S	N	E	A	R	F	L	D	Y	S	E
C_tr_AFA51487.1	H	K	T	G	A	Q	H	L	L	I	G	S	N	E	A	R	F	L	D	Y	S	E
C_tr_AFA51488.1	H	K	T	G	A	Q	H	L	L	I	G	S	N	E	A	R	F	L	D	Y	S	E
C_tr_AFA51489.1	H	K	T	G	A	Q	H	L	L	I	G	S	N	E	A	R	F	L	D	Y	S	E
C_tr_AFA51490.1	H	K	T	G	A	Q	H	L	L	I	G	S	N	E	A	R	F	L	D	Y	S	E
C_tr_AFA51491.1	H	K	T	G	A	Q	H	L	L	I	G	S	N	E	A	R	F	L	D	Y	S	E
C_tr_AFA51492.1	H	K	T	G	A	Q	H	L	L	I	G	S	N	E	A	R	F	L	D	Y	S	E
C_tr_AFA51493.1	H	K	T	G	A	Q	H	L	L	I	G	S	N	E	A	R	F	L	D	Y	S	E
C_tr_AFA51494.1	H	K	T	G	A	Q	H	L	L	I	G	S	N	E	A	R	F	L	D	Y	S	E
C_tr_AFA51495.1	H	K	T	G	A	Q	H	L	L	I	G	S	N	E	A	R	F	L	D	Y	S	E
C_tr_AFA51496.1	H	K	T	G	A	Q	H	L	L	I	G	S	N	E	A	R	F	L	D	Y	S	E
C_tr_AFA51497.1	H	K	T	G	A	Q	H	L	L	I	G	S	N	E	A	R	F	L	D	Y	S	E
C_tr_AFA51595.1	H	K	T	G	A	Q	H	L	L	I	G	S	N	E	A	R	F	L	D	Y	S	E
C_tr_AFA51596.1	H	K	T	G	A	Q	H	L	L	I	G	S	N	E	A	R	F	L	D	Y	S	E
C_tr_AFA51597.1	H	K	T	G	A	Q	H	L	L	I	G	S	N	E	A	R	F	L	D	Y	S	E
C_tr_AFA51598.1	H	K	T	G	A	Q	H	L	L	I	G	S	N	E	A	R	F	L	D	Y	S	E
C_tr_AFA51599.1	H	K	T	G	A	Q	H	L	L	I	G	S	N	E	A	R	F	L	D	Y	S	E
C_tr_AFA51600.1	H	K	T	G	A	Q	H	L	L	I	G	S	N	E	A	R	F	L	D	Y	S	E
C_tr_AFA51601.1	H	K	T	G	A	Q	H	L	L	I	G	S	N	E	A	R	F	L	D	Y	S	E
C_tr_AFA51602.1	H	K	T	G	A	Q	H	L	L	I	G	S	N	E	A	R	F	L	D	Y	S	E
C_tr_AFA51603.1	H	K	T	G	A	Q	H	L	L	I	G	S	N	E	A	R	F	L	D	Y	S	E
C_tr_AFA51604.1	H	K	T	G	A	Q	H	L	L	I	G	S	N	E	A	R	F	L	D	Y	S	E
C_tr_AFA51605.1	H	K	T	G	A	Q	H	L	L	I	G	S	N	E	A	R	F	L	D	Y	S	E
C_tr_AFA51606.1	H	K	T	G	A	Q	H	L	L	I	G	S	N	E	A	R	F	L	D	Y	S	E
C_tr_AFA51607.1	H	K	T	G	A	Q	H	L	L	I	G	S	N	E	A	R	F	L	D	Y	S	E
C_tr_AFA51608.1	H	K	T	G	A	Q	H	L	L	I	G	S	N	E	A	R	F	L	D	Y	S	E
C_tr_AFA51609.1	H	K	T	G	A	Q	H	L	L	I	G	S	N	E	A	R	F	L	D	Y	S	E
C_tr_AFA51610.1	H	K	T	G	A	Q	H	L	L	I	G	S	N	E	A	R	F	L	D	Y	S	E
C_tr_AGJ64525.1	H	K	T	G	A	Q	H	L	L	I	G	S	N	E	A	R	F	L	D	Y	S	E
C_tr_AGJ65465.1	H	K	T	G	A	Q	H	L	L	I	G	S	N	E	A	R	F	L	D	Y	S	E
C_tr_AGR93582.1	H	K	T	G	A	Q	H	L	L	I	G	S	N	E	A	R	F	L	D	Y	S	E
C_tr_AGR94506.1	H	K	T	G	A	Q	H	L	L	I	G	S	N	E	A	R	F	L	D	Y	S	E
C_tr_AGR95425.1	H	K	T	G	A	Q	H	L	L	I	G	S	N	E	A	R	F	L	D	Y	S	E
C_tr_AGR96384.1	H	K	T	G	A	Q	H	L	L	I	G	S	N	E	A	R	F	L	D	Y	S	E
C_tr_AGR97311.1	H	K	T	G	A	Q	H	L	L	I	G	S	N	E	A	R	F	L	D	Y	S	E
C_tr_AGR98226.1	H	K	T	G	A	Q	H	L	L	I	G	S	N	E	A	R	F	L	D	Y	S	E
C_tr_AGR99143.1	H	K	T	G	A	Q	H	L	L	I	G	S	N	E	A	R	F	L	D	Y	S	E
C_tr_AGS00095.1	H	K	T	G	A	Q	H	L	L	I	G	S	N	E	A	R	F	L	D	Y	S	E
C_tr_AGS01039.1	H	K	T	G	A	Q	H	L	L	I	G	S	N	E	A	R	F	L	D	Y	S	E
C_tr_AGS01961.1	H	K	T	G	A	Q	H	L	L	I	G	S	N	E	A	R	F	L	D	Y	S	E
C_tr_AGS02920.1	H	K	T	G	A	Q	H	L	L	I	G	S	N	E	A	R	F	L	D	Y	S	E
C_tr_AGS03845.1	H	K	T	G	A	Q	H	L	L	I	G	S	N	E	A	R	F	L	D	Y	S	E
C_tr_AGT64153.1	H	K	T	G	A	Q	H	L	L	I	G	S	N	E	A	R	F	L	D	Y	S	E
C_tr_AGT65082.1	H	K	T	G	A	Q	H	L	L	I	G	S	N	E	A	R	F	L	D	Y	S	E
C_tr_AGT66008.1	H	K	T	G	A	Q	H	L	L	I	G	S	N	E	A	R	F	L	D	Y	S	E
C_tr_AGT66937.1	H	K	T	G	A	Q	H	L	L	I	G	S	N	E	A	R	F	L	D	Y	S	E
C_tr_AGT67866.1	H	K	T	G	A	Q	H	L	L	I	G	S	N	E	A	R	F	L	D	Y	S	E
C_tr_AGT68789.1	H	K	T	G	A	Q	H	L	L	I	G	S	N	E	A	R	F	L	D	Y	S	E
C_tr_AGT69718.1	H	K	T	G	A	Q	H	L	L	I	G	S	N	E	A	R	F	L	D	Y	S	E
C_tr_AGT70636.1	H	K	T	G	A	Q	H	L	L	I	G	S	N	E	A	R	F	L	D	Y	S	E
C_tr_AGT71560.1	H	K	T	G	A	Q	H	L	L	I	G	S	N	E	A	R	F	L	D	Y	S	E
C_tr_AGT72478.1	H	K	T	G	A	Q	H	L	L	I	G	S	N	E	A	R	F	L	D	Y	S	E
C_tr_AHC17013.1	H	K	T	G	A	Q	H	L	L	I	G	S	N	E	A	R	F	L	D	Y	S	E
C_tr_AKC30394.1	H	K	T	G	A	Q	H	L	L	I	G	S	N	E	A	R	F	L	D	Y	S	E
C_tr_AKC31304.1	H	K	T	G	A	Q	H	L	L	I	G	S	N	E	A	R	F	L	D	Y	S	E
C_tr_AKR32321.1	H	K	T	G	A	Q	H	L	L	I	G	S	N	E	A	R	F	L	D	Y	S	E
C_tr_AKR39407.1	H	K	T	G	A	Q	H	L	L	I	G	S	N	E	A	R	F	L	D	Y	S	E
C_tr_AKR40318.1	H	K	T	G	A	Q	H	L	L	I	G	S	N	E	A	R	F	L	D	Y	S	E
C_tr_AKR41230.1	H	K	T	G	A	Q	H	L	L	I	G	S	N	E	A	R	F	L	D	Y	S	E
C_tr_ANI63581.1	H	K	T	G	A	Q	H	L	L	I	G	S	N	E	A	R	F	L	D	Y	S	E
C_tr_ANI64496.1	H	K	T	G	A	Q	H	L	L	I	G	S	N	E	A	R	F	L	D	Y	S	E
C_tr_ANI65409.1	H	K	T	G	A	Q	H	L	L	I	G	S	N	E	A	R	F	L	D	Y	S	E
C_tr_ANI66323.1	H	K	T	G	A	Q	H	L	L	I	G	S	N	E	A	R	F	L	D	Y	S	E
C_tr_ANI68151.1	H	K	T	G	A	Q	H	L	L	I	G	S	N	E	A	R	F	L	D	Y	S	E
C_tr_ANI69065.1	H	K	T	G	A	Q	H	L	L	I	G	S	N	E	A	R	F	L	D	Y	S	E
C_tr_ARZ54019.1	H	K	T	G	A	Q	H	L	L	I	G	S	N	E	A	R	F	L	D	Y	S	E
C_tr_ARZ54915.1	H	K	T	G	A	Q	H	L	L	I	G	S	N	E	A	R	F	L	D	Y	S	E
C_tr_ARZ55811.1	H	K	T	G	A	Q	H	L	L	I	G	S	N	E	A	R	F	L	D	Y	S	E
C_tr_ATW06337.1	H	K	T	G	A	Q	H	L	L	I	G	S	N	E	A	R	F	L	D	Y	S	E
C_tr_ATW07236.1	H	K	T	G	A	Q	H	L	L	I	G	S	N	E	A	R	F	L	D	Y	S	E
C_tr_ATW08145.1	H	K	T	G	A	Q	H	L	L	I	G	S	N	E	A	R	F	L	D	Y	S	E
C_tr_ATW09056.1	H	K	T	G	A	Q	H	L	L	I	G	S	N	E	A	R	F	L	D	Y	S	E
C_tr_ATW09963.1	H	K	T	G	A	Q	H	L	L	I	G	S	N	E	A	R	F	L	D	Y	S	E
C_tr_ATW10870.1	H	K	T	G	A	Q	H	L	L	I	G	S	N	E	A	R	F	L	D	Y	S	E
C_tr_ATW11765.1	H	K	T	G	A	Q	H	L	L	I	G	S	N	E	A	R	F	L	D	Y	S	E
C_tr_ATW12660.1	H	K	T	G	A	Q	H	L	L	I	G	S	N	E	A	R	F	L	D	Y	S	E
C_tr_ATW13555.1	H	K	T	G	A	Q	H	L	L	I	G	S	N	E	A	R	F	L	D	Y	S	E
C_tr_ATW14452.1	H	K	T	G	A	Q	H	L	L	I	G	S	N	E	A	R	F	L	D	Y	S	E
C_tr_ATW15359.1	H	K	T	G	A	Q	H	L	L	I	G	S	N	E	A	R	F	L	D	Y	S	E
C_tr_ATW16271.1	H	K	T	G	A	Q	H	L	L	I	G	S	N	E	A	R	F	L	D	Y	S	E
C_tr_ATW17180.1	H	K	T	G	A	Q	H	L	L	I	G	S	N	E	A	R	F	L	D	Y	S	E
C_tr_ATW18090.1	H	K	T	G	A	Q	H	L	L	I	G	S	N	E	T	R	F	L	D	Y	S	E
C_tr_ATW18993.1	H	K	T	G	A	Q	H	L	L	I	G	S	N	E	T	R	F	L	D	Y	S	E
C_tr_ATW19903.1	H	K	T	G	A	Q	H	L	L	I	G	S	N	E	A	R	F	L	D	Y	S	E
C_tr_ATW20813.1	H	K	T	G	A	Q	H	L	L	I	G	S	N	E	A	R	F	L	D	Y	S	E
C_tr_CAP03861.1	H	K	T	G	A	Q	H	L	L	I	G	S	N	E	A	R	F	L	D	Y	S	E
C_tr_CAP06815.1	H	K	T	G	A	Q	H	L	L	I	G	S	N	E	A	R	F	L	D	Y	S	E
C_tr_CAX08830.1	H	K	T	G	A	Q	H	L	L	I	G	S	N	E	A	R	F	L	D	Y	S	E
C_tr_CAX10617.1	H	K	T	G	A	Q	H	L	L	I	G	S	N	E	A	R	F	L	D	Y	S	E
C_tr_CBJ14684.1	H	K	T	G	A	Q	H	L	L	I	G	S	N	E	A	R	F	L	D	Y	S	E
C_tr_CCE12444.1	H	K	T	G	A	Q	H	L	L	I	G	S	N	E	A	R	F	L	D	Y	S	E
C_tr_CCE13333.1	H	K	T	G	A	Q	H	L	L	I	G	S	N	E	A	R	F	L	D	Y	S	E
C_tr_CCE14222.1	H	K	T	G	A	Q	H	L	L	I	G	S	N	E	A	R	F	L	D	Y	S	E
C_tr_CCP27956.1	H	K	T	G	A	Q	H	L	L	I	G	S	N	E	A	R	F	L	D	Y	S	E
C_tr_CCP28859.1	H	K	T	G	A	Q	H	L	L	I	G	S	N	E	A	R	F	L	D	Y	S	E
C_tr_CCP47550.1	H	K	T	G	A	Q	H	L	L	I	G	S	N	E	A	R	F	L	D	Y	S	E
C_tr_CCP48449.1	H	K	T	G	A	Q	H	L	L	I	G	S	N	E	A	R	F	L	D	Y	S	E
C_tr_CCP49348.1	H	K	T	G	A	Q	H	L	L	I	G	S	N	E	A	R	F	L	D	Y	S	E
C_tr_CCP50333.1	H	K	T	G	A	Q	H	L	L	I	G	S	N	E	A	R	F	L	D	Y	S	E
C_tr_CCP51456.1	H	K	T	G	A	Q	H	L	L	I	G	S	N	E	A	R	F	L	D	Y	S	E
C_tr_CCP52349.1	H	K	T	G	A	Q	H	L	L	I	G	S	N	E	A	R	F	L	D	Y	S	E
C_tr_CCP53242.1	H	K	T	G	A	Q	H	L	L	I	G	S	N	E	A	R	F	L	D	Y	S	E
C_tr_CCP54133.1	H	K	T	G	A	Q	H	L	L	I	G	S	N	E	A	R	F	L	D	Y	S	E
C_tr_CCP55024.1	H	K	T	G	A	Q	H	L	L	I	G	S	N	E	A	R	F	L	D	Y	S	E
C_tr_CCP55923.1	H	K	T	G	A	Q	H	L	L	I	G	S	N	E	A	R	F	L	D	Y	S	E
C_tr_CCP56840.1	H	K	T	G	A	Q	H	L	L	I	G	S	N	E	A	R	F	L	D	Y	S	E
C_tr_CCP57732.1	H	K	T	G	A	Q	H	L	L	I	G	S	N	E	A	R	F	L	D	Y	S	E
C_tr_CCP58626.1	H	K	T	G	A	Q	H	L	L	I	G	S	N	E	A	R	F	L	D	Y	S	E
C_tr_CCP59520.1	H	K	T	G	A	Q	H	L	L	I	G	S	N	E	A	R	F	L	D	Y	S	E
C_tr_CCP60416.1	H	K	T	G	A	Q	H	L	L	I	G	S	N	E	A	R	F	L	D	Y	S	E
C_tr_CCP61310.1	H	K	T	G	A	Q	H	L	L	I	G	S	N	E	A	R	F	L	D	Y	S	E
C_tr_CCP62202.1	H	K	T	G	A	Q	H	L	L	I	G	S	N	E	A	R	F	L	D	Y	S	E
C_tr_CCP63093.1	H	K	T	G	A	Q	H	L	L	I	G	S	N	E	A	R	F	L	D	Y	S	E
C_tr_CCP63982.1	H	K	T	G	A	Q	H	L	L	I	G	S	N	E	A	R	F	L	D	Y	S	E
C_tr_CCP64871.1	H	K	T	G	A	Q	H	L	L	I	G	S	N	E	A	R	F	L	D	Y	S	E
C_tr_CCP65762.1	H	K	T	G	A	Q	H	L	L	I	G	S	N	E	A	R	F	L	D	Y	S	E
C_tr_CCP66651.1	H	K	T	G	A	Q	H	L	L	I	G	S	N	E	A	R	F	L	D	Y	S	E
C_tr_CCP67539.1	H	K	T	G	A	Q	H	L	L	I	G	S	N	E	A	R	F	L	D	Y	S	E
C_tr_CCP68430.1	H	K	T	G	A	Q	H	L	L	I	G	S	N	E	A	R	F	L	D	Y	S	E
C_tr_CCP69321.1	H	K	T	G	A	Q	H	L	L	I	G	S	N	E	A	R	F	L	D	Y	S	E
C_tr_CCP70211.1	H	K	T	G	A	Q	H	L	L	I	G	S	N	E	A	R	F	L	D	Y	S	E
C_tr_CCP71101.1	H	K	T	G	A	Q	H	L	L	I	G	S	N	E	A	R	F	L	D	Y	S	E
C_tr_CCP90266.1	H	K	T	G	A	Q	H	L	L	I	G	S	N	E	A	R	F	L	D	Y	S	E
C_tr_CCP91156.1	H	K	T	G	A	Q	H	L	L	I	G	S	N	E	A	R	F	L	D	Y	S	E
C_tr_CCP92047.1	H	K	T	G	A	Q	H	L	L	I	G	S	N	E	A	R	F	L	D	Y	S	E
C_tr_CCP92942.1	H	K	T	G	A	Q	H	L	L	I	G	S	N	E	A	R	F	L	D	Y	S	E
C_tr_CCP93832.1	H	K	T	G	A	Q	H	L	L	I	G	S	N	E	A	R	F	L	D	Y	S	E
C_tr_CDG42172.1	H	K	T	G	A	Q	H	L	L	I	G	S	N	E	A	R	F	L	D	Y	S	E
C_tr_CDG43061.1	H	K	T	G	A	Q	H	L	L	I	G	S	N	E	A	R	F	L	D	Y	S	E
C_tr_CPR42004.1	H	K	T	G	A	Q	H	L	L	I	G	S	N	E	A	R	F	L	D	Y	S	E
C_tr_CPR44079.1	H	K	T	G	A	Q	H	L	L	I	G	S	N	E	A	R	F	L	D	Y	S	E
C_tr_CPR52323.1	H	K	T	G	A	Q	H	L	L	I	G	S	N	E	A	R	F	L	D	Y	S	E
C_tr_CPR59393.1	H	K	T	G	A	Q	H	L	L	I	G	S	N	E	A	R	F	L	D	Y	S	E
C_tr_CPR59445.1	H	K	T	G	A	Q	H	L	L	I	G	S	N	E	A	R	F	L	D	Y	S	E
C_tr_CQB85014.1	H	K	T	G	A	Q	H	L	L	I	G	S	N	E	A	R	F	L	D	Y	S	E
C_tr_CRH23892.1	H	K	T	G	A	Q	H	L	L	I	G	S	N	E	A	R	F	L	D	Y	S	E
C_tr_CRH25328.1	H	K	T	G	A	Q	H	L	L	I	G	S	N	E	A	R	F	L	D	Y	S	E
C_tr_CRH27248.1	H	K	T	G	A	Q	H	L	L	I	G	S	N	E	A	R	F	L	D	Y	S	E
C_tr_CRH41123.1	H	K	T	G	A	Q	H	L	L	I	G	S	N	E	A	R	F	L	D	Y	S	E
C_tr_CRH42486.1	H	K	T	G	A	Q	H	L	L	I	G	S	N	E	A	R	F	L	D	Y	S	E
C_tr_CRH43388.1	H	K	T	G	A	Q	H	L	L	I	G	S	N	E	A	R	F	L	D	Y	S	E
C_tr_CRH44311.1	H	K	T	G	A	Q	H	L	L	I	G	S	N	E	A	R	F	L	D	Y	S	E
C_tr_CRH45063.1	H	K	T	G	A	Q	H	L	L	I	G	S	N	E	A	R	F	L	D	Y	S	E
C_tr_CRH46648.1	H	K	T	G	A	Q	H	L	L	I	G	S	N	E	A	R	F	L	D	Y	S	E
C_tr_CRH49674.1	H	K	T	G	A	Q	H	L	L	I	G	S	N	E	A	R	F	L	D	Y	S	E
C_tr_CRH50615.1	H	K	T	G	A	Q	H	L	L	I	G	S	N	E	A	R	F	L	D	Y	S	E
C_tr_CRH51242.1	H	K	T	G	A	Q	H	L	L	I	G	S	N	E	A	R	F	L	D	Y	S	E
C_tr_CRH53020.1	H	K	T	G	A	Q	H	L	L	I	G	S	N	E	A	R	F	L	D	Y	S	E
C_tr_CRH53038.1	H	K	T	G	A	Q	H	L	L	I	G	S	N	E	A	R	F	L	D	Y	S	E
C_tr_CRH53981.1	H	K	T	G	A	Q	H	L	L	I	G	S	N	E	A	R	F	L	D	Y	S	E
C_tr_CRH56112.1	H	K	T	G	A	Q	H	L	L	I	G	S	N	E	A	R	F	L	D	Y	S	E
C_tr_CRH57632.1	H	K	T	G	A	Q	H	L	L	I	G	S	N	E	A	R	F	L	D	Y	S	E
C_tr_CRH58272.1	H	K	T	G	A	Q	H	L	L	I	G	S	N	E	A	R	F	L	D	Y	S	E
C_tr_CRH59635.1	H	K	T	G	A	Q	H	L	L	I	G	S	N	E	A	R	F	L	D	Y	S	E
C_tr_CRH62464.1	H	K	T	G	A	Q	H	L	L	I	G	S	N	E	A	R	F	L	D	Y	S	E
C_tr_CRH84910.1	H	K	T	G	A	Q	H	L	L	I	G	S	N	E	A	R	F	L	D	Y	S	E
C_tr_CRH86425.1	H	K	T	G	A	Q	H	L	L	I	G	S	N	E	A	R	F	L	D	Y	S	E
C_tr_CRH86740.1	H	K	T	G	A	Q	H	L	L	I	G	S	N	E	A	R	F	L	D	Y	S	E
C_tr_CRI73996.1	H	K	T	G	A	Q	H	L	L	I	G	S	N	E	A	R	F	L	D	Y	S	E
C_tr_NP_219673.1	H	K	T	G	A	Q	H	L	L	I	G	S	N	E	A	R	F	L	D	Y	S	E
C_tr_ROT51338.1	H	K	T	G	A	Q	H	L	L	I	G	S	N	E	A	R	F	L	D	Y	S	E
C_tr_ROT52237.1	H	K	T	G	A	Q	H	L	L	I	G	S	N	E	A	R	F	L	D	Y	S	E
C_tr_ROT52881.1	H	K	T	G	A	Q	H	L	L	I	G	S	N	E	A	R	F	L	D	Y	S	E
C_tr_ROT53624.1	H	K	T	G	A	Q	H	L	L	I	G	S	N	E	A	R	F	L	D	Y	S	E
C_tr_ROT54570.1	H	K	T	G	A	Q	H	L	L	I	G	S	N	E	A	R	F	L	D	Y	S	E
C_tr_ROT55195.1	H	K	T	G	A	Q	H	L	L	I	G	S	N	E	A	R	F	L	D	Y	S	E
C_tr_ROT55934.1	H	K	T	G	A	Q	H	L	L	I	G	S	N	E	A	R	F	L	D	Y	S	E
C_tr_ROT56779.1	H	K	T	G	A	Q	H	L	L	I	G	S	N	E	A	R	F	L	D	Y	S	E
C_tr_ROT58254.1	H	K	T	G	A	Q	H	L	L	I	G	S	N	E	A	R	F	L	D	Y	S	E
C_tr_ROT58900.1	H	K	T	G	A	Q	H	L	L	I	G	S	N	E	A	R	F	L	D	Y	S	E
C_tr_ROT59743.1	H	K	T	G	A	Q	H	L	L	I	G	S	N	E	A	R	F	L	D	Y	S	E
C_tr_UW-3_AAC67762	H	K	T	G	A	Q	H	L	L	I	G	S	N	E	A	R	F	L	D	Y	S	E
C_tr_WP_009871515.1	H	K	T	G	A	Q	H	L	L	I	G	S	N	E	A	R	F	L	D	Y	S	E
C_tr_WP_009872428.1	H	K	T	G	A	Q	H	L	L	I	G	S	N	E	A	R	F	L	D	Y	S	E
C_tr_WP_009873061.1	H	K	T	G	A	Q	H	L	L	I	G	S	N	E	A	R	F	L	D	Y	S	E
C_tr_WP_012727828.1	H	K	T	G	A	Q	H	L	L	I	G	S	N	E	A	R	F	L	D	Y	S	E
C_tr_WP_014315990.1	H	K	T	G	A	Q	H	L	L	I	G	S	N	E	A	R	F	L	D	Y	S	E
C_tr_WP_014541576.1	H	K	T	G	A	Q	H	L	L	I	G	S	N	E	A	R	F	L	D	Y	S	E
C_tr_WP_015506234.1	H	K	T	G	A	Q	H	L	L	I	G	S	N	E	A	R	F	L	D	Y	S	E
C_tr_WP_024067136.1	H	K	T	G	A	Q	H	L	L	I	G	S	N	E	A	R	F	L	D	Y	S	E
C_tr_WP_041200363.1	H	K	T	G	A	Q	H	L	L	I	G	S	N	E	A	R	F	L	D	Y	S	E
C_tr_WP_064520611.1	H	K	T	G	A	Q	H	L	L	I	G	S	N	E	A	R	F	L	D	Y	S	E
C_tr_WP_069568364.1	H	K	T	G	A	Q	H	L	L	I	G	S	N	E	A	R	F	L	D	Y	S	E
C_tr_WP_083595122.1	H	K	T	G	A	Q	H	L	L	I	G	S	N	E	A	R	F	L	D	Y	S	E
C_tr_WP_100095516.1	H	K	T	G	A	Q	H	L	L	I	G	S	N	E	A	R	F	L	D	Y	S	E
C_tr_WP_100102809.1	H	K	T	G	A	Q	H	L	L	I	G	S	N	E	T	R	F	L	D	Y	S	E
C_tr_WP_123671088.1	H	K	T	G	A	Q	H	L	L	I	G	S	N	E	A	R	F	L	D	Y	S	E
C_tr_YP_001654499.1	H	K	T	G	A	Q	H	L	L	I	G	S	N	E	A	R	F	L	D	Y	S	E
P_sp_WP_068469811.1	H	K	T	G	A	Q	H	L	L	V	G	S	N	E	A	R	C	L	D	Y	A	E
S_ne_WP_013943365.1	H	K	T	G	A	Q	H	L	L	V	G	S	N	E	A	R	T	L	D	Y	G	E
C_je_YP_002343786.1	H	K	T	G	A	Q	H	L	V	V	G	S	N	E	A	T	M	L	D	Y	G	E
